{
  "m": {
    "ratio": {
      "cm": 100,
      "ft": 3.28084,
      "in": 39.3701
    }
  },
  "cm": {
    "ratio": {
      "m": 0.01,
      "ft": 0.0328084,
      "in": 0.393701
    }
  },
  "in": {
    "ratio": {
      "m": 0.0254,
      "cm": 2.54,
      "ft": 0.0833333
    }
  },
  "ft": {
    "ratio": {
      "m": 0.3048,
      "cm": 30.48,
      "in": 12
    }
  }
}
